"location","depth.cm","%N","d15N.permil","%C.total","d13C.total","%C.organic","d13C.organic","P.pct.inorg","P.pct.total","P.pct.org","SiO2.mg","SiO2.prct","water.percent","bulk.density.gcm3","median.grainsize.um","mean.phi","sd.phi","skewness.phi","kurtosis.phi","thickness.cm","accretion.rate.cmyr","year.mean","end.pb","below_pb_LOD","N.P.ratio","C.N.ratio","Si.P.ratio","Si.N.ratio","C.P.ratio","P.total.pct.e2","accretion.rate.gcm2yr","outlier"
"North",0,0.660737535638723,8.40327997851383,6.46293876331962,-20.1830710063795,6.3981604012845,-20.4638066979287,-0.001843031,0.03561734,0.037460371,235.39608352,7.85884586503941,67.48,NA,76.2,3.865,2.107,0.298,1.522,NA,NA,NA,38,FALSE,18.5510073362784,9.68336148043944,220.646625071929,11.8940508767107,179.636109863468,3.561734,NA,FALSE
"North",1,0.633340053177114,8.23996592190672,6.23939847866872,-20.2634715892858,6.03586511891086,-20.1841221486899,0.005224158,0.030777433,0.025553275,309.274617066667,10.0232445172051,66.96,0.39,60.2,4.115,2.118,0.233,1.44,NA,NA,NA,38,FALSE,20.578066181709,9.53021222743184,325.668632507627,15.8260076351149,196.113337941825,3.0777433,NA,FALSE
"North",2,0.523082655002773,7.875,5.52630937546862,-21.16,5.49947789766794,-21.2,0.003454387,0.019685674,0.016231287,260.63503064,8.60835058427189,65.53,0.25,60.3,4.13,2.107,0.238,1.456,2,NA,2012.1,38,FALSE,26.571742222429,10.5135925366112,437.29011179764,16.4569604859604,279.364470714487,1.9685674,NA,FALSE
"North",3,0.452059540115076,7.955,5.03036834573921,-21.005,4.97641509433962,-21.04,0.009078757,0.02187651,0.012797754,273.986772114286,8.87377919987405,64.93,0.26,55,4.289,2.115,0.216,1.457,1,0.15873015873016,2005.8,38,FALSE,20.6641525597582,11.0083178270562,405.63047761613,19.6296691307856,227.477559004595,2.187651,0.0412698412698416,FALSE
"North",4,0.423215278873957,8.19226872740333,4.80533921739824,-20.337435208387,4.71143427511446,-20.4107018325843,0.012844499,0.025385192,0.012540693,278.91635328,9.20695232433229,64.34,0.35,54.9,4.277,2.052,0.247,1.488,1,0.123456790123458,1997.7,38,FALSE,16.6717383454873,11.132476803886,362.689883311983,21.754773005429,185.597740411594,2.5385192,0.0432098765432104,FALSE
"North",6,0.393132357646145,8.055,9.0977306337262,-20.83,4.5881178232651,-20.89,0.010383373,0.022182427,0.011799054,282.938749333333,9.3646255260415,60.56,0.39,66.6,4.077,2.089,0.299,1.433,2,0.210526315789474,1988.2,38,FALSE,17.7226936279851,11.670669518877,422.16415390622,23.8205412093566,206.835700316521,2.2182427,0.0821052631578947,FALSE
"North",8,0.389392348568484,8.13055571814521,4.68390147867085,-20.7147809903072,4.71382577739858,-20.8625561555496,0.013869336,0.0308207,0.016951364,270.4116688,9.13518548491631,60.8,0.42,69.7,4.035,2.105,0.318,1.433,2,0.20833333333333,1978.6,38,FALSE,12.6341176082465,12.1055942540421,296.397728958664,23.4601052601568,152.943501523281,3.08207,0.0874999999999988,FALSE
"North",10,0.359027630076976,8.08,6.42841506425521,-20.705,4.32821580362564,-20.54,0.012614716,0.027088099,0.014473383,239.707384266667,8.07773595874303,58.32,0.41,68.4,4.08,2.185,0.315,1.316,2,0.194174757281554,1968.3,38,FALSE,13.25407257545,12.0553836001359,298.202393558257,22.4989256593181,159.782929161092,2.7088099,0.0796116504854372,FALSE
"North",12,0.327113394088071,8.28218100924376,3.96999524647733,-20.5220893708944,4.02118374541259,-20.65580003875,0.015985965,0.023756593,0.007770628,245.035478933333,8.01939147374484,57.35,0.52,56.9,4.284,2.199,0.257,1.259,2,0.17241379310345,1956.7,38,FALSE,13.7693731625604,12.2929351658708,337.564880357416,24.5156316393016,169.266011562036,2.3756593,0.0896551724137938,FALSE
"North",14,0.304696902380991,8.2825,3.83196279350604,-20.8025,3.84185186986335,-20.86,0.011591469,0.02671033,0.01511886,210.284005333333,6.89422753272817,54.95,0.48,40.5,4.996,2.58,0.238,1.261,2,0.162601626016261,1944.4,38,FALSE,11.4074555567449,12.6087657598157,258.110908129108,22.6265100788838,143.833935030505,2.671033,0.0780487804878052,FALSE
"North",16,0.278141069348357,8.37785810512748,3.49098050407431,-20.4510823142115,3.44205111916829,-20.7392115537777,0.016631162,0.022318533,0.005687371,203.9211328,6.43850629321888,54.12,0.55,33.3,5.922,3.046,0.323,1.292,2,0.165289256198345,1932.3,38,FALSE,12.4623365410422,12.3751991291056,288.482504348242,23.1483480965373,154.223896309327,2.2318533,0.0909090909090899,FALSE
"North",18,0.294198831193248,8.09,3.88362427912674,-21.265,3.86429258902791,-21.3,0.011896232,0.02414865,0.012252418,184.013224266667,6.30088264843472,53.54,0.58,34.2,5.883,3.079,0.319,1.29,2,0.161290322580647,1919.9,38,FALSE,12.1828272467922,13.1349692089348,260.920699435982,21.417089329957,160.021060764387,2.414865,0.0935483870967752,FALSE
"North",20,0.239104435010875,7.06178356149055,2.75905179621916,-19.8636121697698,2.72628917192774,-19.7571300581286,0.018895144,0.027164028,0.008268884,128.341894666667,4.0896749401276,50.46,0.57,26.4,6.134,2.942,0.279,1.249,2,0.157480314960629,1907.2,38,FALSE,8.80224519761483,11.4020853348193,150.55480505791,17.1041366921596,100.363950881207,2.7164028,0.0897637795275587,FALSE
"North",22,0.228373224994843,5.765,2.64185752516325,-19.265,2.65050934195916,-19.42,0.010458534,0.018854625,0.00839609,216.3703096,7.1928153300918,49.54,0.64,26.4,6.155,2.929,0.27,0.841,2,0.157480314960629,1894.5,38,FALSE,12.1123185952965,11.6060424422303,381.488113929171,31.4958784255651,140.576083690827,1.8854625,0.100787401574803,FALSE
"North",24,0.234070550727626,5.72479419828184,2.67926710184873,-18.7086127548118,2.77753057308707,-18.7243818120281,0.009472867,0.021831959,0.012359092,221.4891256,7.42687736511077,49.85,0.58,29.2,5.916,3.12,0.241,1.127,2,0.16,1882,38,FALSE,10.7214634622402,11.8662111250343,340.183735463719,31.7292258339367,127.223149012284,2.1831959,0.0928,FALSE
"North",26,0.252941246076291,5.125,2.95540435125872,-18.89,2.88949629051152,-18.88,0.009485345,0.019047798,0.009562454,271.723615733333,9.04313198140554,51.78,0.59,25.6,6.035,3.07,0.215,0.839,2,0.156250000000001,1869.2,38,FALSE,13.2792906600695,11.4235868421396,474.759968653886,35.7519072973888,151.697130057318,1.9047798,0.0921875000000003,FALSE
"North",28,0.236402181534657,5.1126577404166,2.88108688368806,-19.4124037121462,2.93211563203526,-19.5280190424814,0.00961288,0.01616022,0.00654734,234.5829608,7.66798123509169,49.51,0.59,23.6,6.147,3.031,0.195,0.64,2,0.157480314960629,1856.5,38,FALSE,14.6286487148478,12.4030819555081,474.497329559356,32.4361695197281,181.440328908595,1.616022,0.0929133858267713,FALSE
"North",30,0.251992470165126,4.825,3.08893119230708,-19.535,3.07027391109115,-19.37,0.008439572,0.019490944,0.011051372,249.143549066667,8.1339157417481,51.33,0.62,23.9,6.084,3.099,0.175,0.647,2,0.15873015873016,1843.9,38,FALSE,12.928694996257,12.1839906925761,417.317690808003,32.2784079080541,157.523099501551,1.9490944,0.0984126984126991,FALSE
"North",32,0.254834037348357,4.92067217180634,3.20137135119946,-19.7827504498178,3.23320302472788,-19.8248755919276,0.010897998,0.02166157,0.010763572,247.040949333333,8.0448606525633,51.3,0.54,20.7,6.344,2.87,0.214,0.577,2,0.16,1831.4,38,FALSE,11.7643382888847,12.6874849936475,371.38862291899,31.5690193361651,149.259865500418,2.166157,0.0864,FALSE
"North",34,0.263361473343116,4.4925,3.20905804078055,-19.7325,3.19192540219285,-19.77,0.009468708,0.021066635,0.011597927,241.911919733333,7.74626469687538,49.89,0.57,19.9,6.338,2.904,0.184,0.584,2,0.16,1818.9,38,FALSE,12.5013545515511,12.1199405580265,367.702990860922,29.4130519492625,151.515674059614,2.1066635,0.0912,FALSE
"North",36,0.269748944274611,4.67020434015078,3.45399826902539,-19.8152612246806,3.46622122849233,-19.7866153929625,0.013112011,0.020264461,0.00715245,242.731210666667,8.02339542507288,50.9,0.58,20.3,6.352,2.862,0.209,0.574,2,0.161290322580644,1806.5,38,FALSE,13.3114295156733,12.8498046130021,395.934312048708,29.7439363355019,171.049268396151,2.0264461,0.0935483870967735,FALSE
"North",38,0.289230661733838,4.11,5.77865029686963,-20.165,3.96693451556294,-20.35,0.011043159,0.019825389,0.00878223,251.113171733333,7.94245428078021,52.35,0.5,29,6.11,2.915,0.327,1.344,2,0.161290322580644,1794.1,38,FALSE,14.5889022270301,13.715470177963,400.620350036018,27.4606234109757,200.093653424049,1.9825389,0.080645161290322,FALSE
"North",40,0.28861058335036,3.97852819163985,4.12526085985574,-20.0454248104854,4.10896374690398,-20.1811047840801,0.014592597,0.020127385,0.005534787,196.077088,6.44069544231893,49.41,0.6,27.1,5.957,3.182,0.183,1.055,2,0.16,1781.6,38,TRUE,14.3391992228678,14.237051528758,319.996633557659,22.316213659082,204.147918217095,2.0127385,0.096,FALSE
"North",42,0.320314756265762,3.48,8.60986610125605,-19.86,4.68568665377176,-19.72,0.011062867,0.017985497,0.00692263,194.807998133333,6.36151328923676,50.87,0.55,26.5,5.96,3.175,0.185,1.089,2,0.16,1769.1,38,TRUE,17.8096138386258,14.6283821213784,353.702390833946,19.8601942770276,260.525836665607,1.7985497,0.088,FALSE
"North",44,0.317368669546466,3.53917491087012,4.49377581378649,-19.7662791661953,4.50872036568003,-19.6426546996016,0.009361721,0.018617605,0.009255883,180.8882632,6.00254462076302,50.45,0.57,26.4,6.005,3.123,0.209,1.28,2,0.162601626016261,1756.8,38,TRUE,17.0466969057764,14.2065704599108,322.412287765425,18.9134757042682,242.175100700656,1.8617605,0.0926829268292686,FALSE
"North",46,0.294064375882307,3.55,6.1422239016311,-19.77,4.11620188784966,-19.85,0.010469799,0.022964468,0.012494669,196.0194112,6.59754126392513,49.67,0.57,24.1,6.11,3.058,0.196,0.876,2,0.161290322580647,1744.4,38,TRUE,12.8051899953575,13.9976216959278,287.293451079517,22.4357038969102,179.242205299494,2.2964468,0.0919354838709687,FALSE
"North",48,0.275380208200803,4.00113232307131,3.85122943071214,-20.2011886647364,3.84111316868817,-20.1101394265076,0.011368563,0.020659994,0.00929143,207.596626933333,6.02446298095331,48.62,0.54,23.4,6.136,3.063,0.175,0.652,2,0.161290322580644,1732,38,TRUE,13.329152380238,13.9483995374399,291.600422582567,21.8768916630362,185.920342894977,2.0659994,0.0870967741935478,FALSE
"North",50,0.281481770937144,3.5,8.42940735876331,-20.88,4.22616471945767,-20.76,0.009508236,0.016077868,0.006569631,204.298234933333,5.51015347167173,49.16,0.53,25.3,6.039,3.111,0.194,1.091,2,0.162601626016261,1719.7,38,TRUE,17.5074065129247,15.0139908008515,342.716675598514,19.5755250982209,262.856040331819,1.6077868,0.0861788617886182,FALSE
"North",52,0.271019171679199,3.87090116439422,3.95862990664906,-20.4294669130298,4.04659502130492,-20.6404584442714,0.01118473,0.014902546,0.003717816,202.131149333333,4.55749922989218,49.58,NA,27.1,6.024,3.103,0.217,1.304,2,NA,NA,38,TRUE,18.1860986491301,14.9310286657315,305.820175283618,16.8161506865161,271.537160247981,1.4902546,NA,FALSE
"Middle",0,0.655493586700345,8.63831983509779,7.32971172773204,-21.9965870446638,7.46634400851393,-21.8087979232571,NA,0.026545777,NA,58.5555701333333,1.90825632958953,66.87,NA,86.1,3.726,2.307,0.276,1.397,NA,NA,NA,38,FALSE,24.6929516020701,11.3904150399066,71.8854953686052,2.91117467555312,281.262967307905,2.6545777,NA,FALSE
"Middle",1,0.575813010571793,8.69621887519707,5.85254603462547,-20.4161870723246,5.87922299139839,-20.2425989564078,0.009865197,0.023487397,0.0136222,364.515173066667,12.3250745665189,65.14,0.29,64.2,4.102,2.179,0.256,1.334,NA,NA,NA,38,FALSE,24.5158290879058,10.2102989745928,524.752681896549,21.4046475856458,250.313944597538,2.3487397,NA,FALSE
"Middle",2,0.514470851936683,8.25,5.48264360372624,-20.0375,5.34306723800455,-19.91,0.010174725,0.024415998,0.014241273,355.823599733333,11.4549031842357,65.01,0.31,67.3,4.081,2.204,0.285,1.291,2,NA,2013.9,38,FALSE,21.0710556224932,10.3855587112293,469.155640667882,22.2654075369182,218.83468527498,2.4415998,NA,FALSE
"Middle",3,0.482474513413755,8.295,7.38683212084855,-19.87,4.98473494310297,-19.82,0.009563958,0.022615719,0.013051761,320.1374816,10.156165965545,63.9,0.29,63.9,4.193,2.172,0.257,1.306,1,0.172413793103443,2008.1,38,FALSE,21.3335916233198,10.3316026121948,449.075528642046,21.0501605435795,220.410190942988,2.2615719,0.0499999999999984,FALSE
"Middle",4,0.480518003251878,8.81947019120594,5.0844791670847,-20.0865800245868,5.29643732563225,-20.2287412421976,0.01079452,0.023680688,0.012886168,314.405649333333,10.5747456165878,64.14,0.29,56.6,4.258,2.184,0.243,1.279,1,0.163934426229511,2002,38,FALSE,20.2915558556355,11.0223494016643,446.555675096426,22.0069706962566,223.660618544201,2.3680688,0.0475409836065581,FALSE
"Middle",6,0.464325056458908,8.21,7.02497528942887,-20.05,4.95712906706036,-20.03,0.011377157,0.026538591,0.015161434,265.706603733333,8.95684964063884,63.35,0.3,63.9,4.168,2.24,0.277,1.221,2,0.327868852459021,1995.9,38,FALSE,17.4962211241323,10.6759887240741,337.502832785615,19.2900415690392,186.789459435143,2.6538591,0.0983606557377064,FALSE
"Middle",8,0.468720707174958,8.61127023802122,5.01493600157764,-20.2363269136876,4.94959277187896,-19.9078084196239,0.011458808,0.025085936,0.013627127,263.7836432,8.45304582377877,61.9,0.34,58.9,4.269,2.175,0.275,1.225,2,0.259740259740258,1988.2,38,FALSE,18.6846010918213,10.5597911423859,336.963540996787,18.0342914114599,197.305485108427,2.5085936,0.0883116883116878,FALSE
"Middle",10,0.444864836978893,8.1,9.53840607275492,-20.19,4.77373068432671,-20.01,0.011844836,0.025902769,0.014057933,282.415252266667,9.44960273392992,60.75,0.35,57.8,4.362,2.177,0.268,1.21,2,0.194174757281554,1977.9,38,FALSE,17.1744123950182,10.7307440092263,364.810524076786,21.2415141599026,184.294222919824,2.5902769,0.067961165048544,FALSE
"Middle",12,0.415436443877482,8.5726869611582,4.65468725989309,-20.5681126365251,4.78682891497381,-19.9125914364386,0.015518,0.030337681,0.014819681,288.907697333333,9.10274336110001,59.64,0.34,65.4,4.222,2.275,0.29,1.18,2,0.161290322580644,1965.5,38,FALSE,13.6937442211711,11.522409710366,300.047434775915,21.911277874756,157.78493138529,3.0337681,0.054838709677419,FALSE
"Middle",14,0.364705558851378,8.315,6.38855971947716,-20.54,4.57290001775884,-20.24,0.013832703,0.030077067,0.016244364,264.124697333333,8.78356331590221,58.14,0.37,63.3,4.239,2.263,0.277,1.213,2,0.148148148148148,1952,38,FALSE,12.1257022452149,12.5386079448883,292.035234549373,24.0839852936862,152.039426509202,3.0077067,0.0548148148148148,FALSE
"Middle",16,0.376220731487446,8.65873438495566,4.62464150068491,-21.0124517820564,4.47199738789078,-20.7121924751328,0.013465512,0.025146107,0.011680595,238.670002933333,8.06958706683049,57.58,0.4,56.3,4.346,2.313,0.197,1.174,2,0.16,1939.5,38,FALSE,14.9613907030399,11.8866320051265,320.908006429405,21.4490760116439,177.840545571956,2.5146107,0.064,FALSE
"Middle",18,0.333383811359399,8.2025,6.16019835972184,-20.92,4.30640888337749,-21,0.016749629,0.031011083,0.014261455,234.627820533333,6.96592694886547,56.31,0.43,37.3,5.844,3.104,0.321,1.233,2,0.173913043478261,1928,38,FALSE,10.7504730279623,12.9172705351761,224.627013150926,20.8946166895787,138.866768483303,3.1011083,0.0747826086956522,FALSE
"Middle",20,0.290219360636102,8.54652017230014,4.1406133650512,-21.025289885722,3.90802847363851,-21.2795932975799,0.013239503,0.02414218,0.010902677,205.5835464,6.80971122649858,52.59,0.49,36,5.783,3.161,0.302,1.167,2,0.142857142857143,1914,38,FALSE,12.0212574272954,13.4657745268024,282.06695611161,23.464014294474,161.875542044609,2.414218,0.07,FALSE
"Middle",22,0.229146623957665,7.925,11.1393520866159,-20.685,6.26017915309446,-20.83,0.020377536,0.038541666,0.01816413,148.550002933333,4.89114187751751,46.17,0.53,57.2,4.476,2.739,0.195,1.116,2,0.147058823529413,1900.4,38,FALSE,5.94542602174137,27.3195347370732,126.905304963141,21.3450313735417,162.426272727662,3.8541666,0.0779411764705888,FALSE
"Middle",24,0.230654533502427,8.04853130755859,3.0421792988179,-20.2547229925666,3.06795162500999,-20.7162298389304,0.010553906,0.019053984,0.008500078,177.038737333333,5.91433084165236,46.49,0.64,48,5.518,3.389,0.273,1.065,2,0.144927536231882,1886.6,38,FALSE,12.1053178958493,13.3010679583183,310.398646375076,25.6415113626637,161.013655989739,1.9053984,0.0927536231884046,FALSE
"Middle",26,0.201126752252012,7.165,3.09381483631612,-19.67,2.90988885178648,-20.18,0.009541435,0.019729113,0.010187678,174.899689066667,5.76197539690007,44.81,0.63,39.1,5.653,3.305,0.265,1.124,2,0.152671755725192,1873.5,38,FALSE,10.1944143283082,14.4679353651591,292.054457638317,28.6484782973092,147.492127587615,1.9729113,0.0961832061068709,FALSE
"Middle",28,0.240071685680169,7.71494168466061,3.09325806533115,-20.2573126615712,2.84176050220042,-19.6866332336781,0.007469948,0.016004253,0.008534306,191.0628112,6.25151335405282,47.24,0.62,32.2,5.75,3.271,0.22,1.066,2,0.153846153846154,1860.5,38,FALSE,15.0004930364553,11.8371331219222,390.61575407817,26.0401943542034,177.562832966988,1.6004253,0.0953846153846154,FALSE
"Middle",30,0.215106527774155,6.41,3.06614150881597,-16.75,3.07267200884222,-17.83,0.007930803,0.015332904,0.007402101,216.968005466667,7.22156425322902,46.92,0.71,31.9,5.794,3.302,0.169,0.613,2,0.150375939849625,1847.2,38,FALSE,14.0290794081901,14.2844200993672,470.984769305868,33.5720367389831,200.397263873968,1.5332904,0.106766917293233,FALSE
"Middle",32,0.218510567548689,6.89001085940903,2.69795362336115,-18.7625346316081,2.42534830830117,-18.9635741914558,0.007964292,0.02826733,0.020303038,193.71546336,6.10001883550783,44.45,0.67,32.3,5.755,3.285,0.203,0.744,2,0.150375939849625,1833.9,38,FALSE,7.7301452789736,11.099455442862,215.797489027362,27.9163561924693,85.8004030908178,2.826733,0.100751879699248,FALSE
"Middle",34,0.193944709432224,6.275,3.22096947253378,-14.165,3.09233867101352,-14.03,0.007792325,0.016270969,0.008478645,209.628933066667,7.00619457217524,46.04,0.67,29.6,5.711,3.357,0.159,0.617,2,0.149253731343283,1820.5,38,FALSE,11.9196778896342,15.9444342672012,430.59479568643,36.1247006566252,190.052520597484,1.6270969,0.0999999999999993,FALSE
"Middle",36,0.228495835353449,6.59678968732393,2.5943299292856,-18.6040061954391,2.58279028183227,-18.8370534177047,0.007806183,0.014419733,0.00661355,123.046844,4.07634946238213,43.71,0.68,37.9,5.651,3.447,0.126,0.591,2,0.150375939849625,1807.2,38,FALSE,15.8460517509894,11.3034457623137,282.692436980777,17.8399289250792,179.114986514124,1.4419733,0.102255639097745,FALSE
"Middle",38,0.195476392668562,5.91,2.95078280800675,-15.2375,2.91670999272122,-15.63,0.007295382,0.017251717,0.009956335,195.6078632,6.31252070989154,43.58,0.74,29.2,5.681,3.436,0.116,0.533,2,0.148148148148148,1793.7,38,FALSE,11.330836963565,14.9210344681704,365.906808573984,32.2930079878989,169.067808886572,1.7251717,0.10962962962963,FALSE
"Middle",40,0.204182938048653,5.71049630272749,2.2929832992498,-18.505391760049,2.49241624061802,-18.8976056941637,0.006797092,0.011404553,0.004607461,148.3122864,3.8577734924622,42.11,0.79,34.4,5.673,3.357,0.192,0.992,2,0.150375939849625,1780.4,38,TRUE,17.903633579383,12.2067801768242,338.266084822632,18.8937113420464,218.545719469936,1.1404553,0.118796992481203,FALSE
"Middle",42,0.161498950519495,4.36,2.046899985463,-19.2,2.05558006175562,-19.31,0.004028006,0.010386442,0.006358436,160.257191733333,5.10084589612399,36.47,0.95,28.9,5.938,3.157,0.212,1.215,2,0.149253731343283,1767,38,TRUE,15.5490157764801,12.7281326296141,491.106184016046,31.5843903611512,197.909935063001,1.0386442,0.141791044776118,FALSE
"Middle",44,0.230838403185303,4.98400462526423,2.65330098026693,-18.9619669802148,2.92003515819515,-18.9653939966786,0.00685414,0.016741645,0.009887505,207.660111466667,6.84244609919175,44.67,0.72,46.9,5.545,3.384,0.243,1.025,2,0.151515151515151,1753.8,38,TRUE,13.7882748789204,12.6496939759678,408.708110773568,29.6417147440543,174.417457674867,1.6741645,0.109090909090909,FALSE
"Middle",46,0.189165349531879,3.815,2.40913549444374,-20.13,2.37387445607686,-19.86,0.005552979,0.012088794,0.006535815,138.7241192,4.40965569263035,42.63,0.77,22.6,5.907,3.305,0.07,0.547,2,0.155038759689924,1740.9,38,TRUE,15.6479918122419,12.5492034453001,364.772176002863,23.3111175146123,196.369832762214,1.2088794,0.119379844961242,FALSE
"Middle",48,0.12945971115971,4.14316508924388,1.96545558205644,-20.7612424432863,1.93108270971693,-20.6996360991078,0.002452631,0.004377091,0.001924461,62.3049626666667,2.00875302284835,28.8,1.21,196.9,3.414,3.078,0.526,0.89,2,0.151515151515151,1727.7,38,TRUE,29.5766551711422,14.9164762721788,458.924208532186,15.516433683142,441.179475070755,0.4377091,0.183333333333333,FALSE
"Middle",50,0.0561024711080408,0.015,1.30732332608936,-22.845,1.63349702765573,-23.13,4.9048e-06,NA,-0.000489713,12.5306853333333,0.411979465702238,18.8,1.23,242.1,2.833,2.913,0.511,1.025,2,0.152671755725189,1714.6,38,TRUE,NA,29.1163115526583,NA,7.34333902884345,NA,NA,0.187786259541983,NA
"Middle",52,0.124695633727915,3.1465369464658,2.55968154425775,-23.202759727927,2.39914642099595,-23.0281257141481,0.004834339,0.007953108,0.003118769,14.1596544,0.4554751270946,21.15,NA,74,4.327,2.932,-0.036,1.019,2,NA,NA,38,TRUE,15.6788558294336,19.2400194719799,57.2700794575655,3.65269507421923,301.661491456667,0.7953108,NA,FALSE
"South",10,0.578313555706806,8.39158343929346,6.81506981002094,-21.7737162682354,7.54358080553599,-22.9064816408236,0.015738945,0.037141547,0.021402602,305.695651466667,10.3373517409433,67.68,NA,54.8,4.24,2.231,0.152,1.357,NA,NA,NA,42,FALSE,15.5705295664396,13.0441016488302,278.323133415615,17.8749946961025,203.103570390754,3.7141547,NA,FALSE
"South",11,0.426905515987662,8.14392517933663,4.84618109547827,-20.7097601107787,4.80551353023724,-20.4440863098592,0.012539343,0.024584566,0.012045223,279.394129466667,9.1772220332743,62.37,0.45,36.3,4.973,2.266,0.214,1.341,NA,NA,NA,42,FALSE,17.3647773968295,11.2566208452929,373.292009030149,21.4970800085411,195.468715219022,2.4584566,NA,FALSE
"South",12,0.400704674914519,7.61666666666667,4.6779840943516,-20.62,4.63988129208994,-20.64,0.04873971,0.0203757,-0.02836401,253.254122533333,8.34134728472071,59.59,0.4,41.6,4.584,2.186,0.149,1.255,2,NA,1965.8,42,FALSE,19.6658114771281,11.5793041173771,409.377213284486,20.8166957036379,227.716411808671,2.03757,NA,FALSE
"South",13,0.383982729441544,7.62,5.42996348331784,-20.722,4.51723399700278,-20.71,0.010987877,0.026087467,0.015099589,275.181620266667,9.06555498248408,58.45,0.4,38.8,4.846,2.253,0.205,1.312,1,0.169491525423733,1959.9,42,FALSE,14.7190499346504,11.7641592984469,347.506140879223,23.6092779372364,173.157248153022,2.6087467,0.0677966101694931,FALSE
"South",14,0.357134097980341,8.22408391301573,4.25121110396512,-20.4965731212436,4.23051342496087,-20.3697238914821,0.014772569,0.025601701,0.010829132,268.7943152,8.52517962045917,68.1,0.47,44.8,5.189,2.847,0.29,1.134,1,0.135135135135133,1952.5,42,FALSE,13.9496238152434,11.8457281141319,332.992703119967,23.8710883913651,165.243451009793,2.5601701,0.0635135135135127,FALSE
"South",16,0.348998698220902,7.75,4.15537085244914,-20.35,4.17938284164124,-20.46,0.011441211,0.031744737,0.020303526,258.628679066667,8.48599330667347,55.74,0.46,34.6,5.89,3.041,0.341,1.239,2,0.149253731343283,1939.1,42,FALSE,10.9939073749738,11.9753536702187,267.319691660179,24.3152577643776,131.655929032937,3.1744737,0.06865671641791,FALSE
"South",18,0.340777368695055,8.20038740920808,3.99948512712209,-20.3343322829174,4.06249135531235,-20.5410866047734,0.016835122,0.026659482,0.009824359,237.8254784,8.07929672241459,56.58,0.5,25.6,6.11,2.97,0.254,0.843,2,0.142857142857143,1925.1,42,FALSE,12.782595276797,11.9212475020537,303.055277758757,23.7084309716716,152.38448201328,2.6659482,0.0714285714285714,FALSE
"South",20,0.280303770225505,7.13333333333333,3.41283192410473,-20.3233333333333,3.34122309682391,-20.35,0.011502233,0.021714032,0.0102118,231.176224533333,7.56789146495809,53.24,0.52,32,5.894,3.123,0.266,1.203,2,0.13986013986014,1910.8,42,FALSE,12.9088770904227,11.9200076907131,348.525389709202,26.998892875646,153.873914196309,2.1714032,0.072727272727273,FALSE
"South",22,0.260624812304285,7.61400578430585,3.13852244729651,-19.5950815766812,3.13958005030736,-20.3522421201631,0.015832805,0.019563524,0.003730719,238.912726133333,7.46173729843831,53.45,0.54,24.6,6.202,2.933,0.248,0.765,2,0.162601626016261,1898.5,42,FALSE,13.3219767718886,12.0463589884214,381.410695661902,28.6301877110863,160.481314629581,1.9563524,0.0878048780487808,FALSE
"South",24,0.247075120636206,6.65333333333333,2.9724173994274,-19.46,2.89535364676686,-19.7,0.01166854,0.022979276,0.011310736,259.473504,8.28784732625587,53.04,0.56,36,5.843,2.989,0.355,1.217,2,0.173913043478261,1887,42,FALSE,10.7520846451475,11.7185155644626,360.666163992977,33.543835999817,125.99847126458,2.2979276,0.0973913043478261,FALSE
"South",26,0.250618304537487,7.09695278030895,2.94839667756677,-19.6588756639629,2.90392616659826,-19.7118926006135,0.013315038,0.023079048,0.00976401,259.7474688,8.2843487624424,52.56,0.49,31,5.919,3.082,0.282,1.163,2,0.162601626016261,1874.7,42,FALSE,10.8591266215784,11.587047370532,358.955393759847,33.0556412379019,125.825214566834,2.3079048,0.0796747967479678,FALSE
"South",28,0.255481845343178,6.23,2.95580722085586,-19.3266666666667,2.92758089368259,-19.41,0.025386523,0.024499972,-0.000886551,247.28303168,8.22087497742581,53.51,0.5,37.2,5.739,3.029,0.329,1.233,2,0.150375939849625,1861.4,42,FALSE,10.4278423397046,11.4590564732695,335.546300927438,32.1779223348848,119.493234265026,2.4499972,0.0751879699248123,FALSE
"South",30,0.256652222109169,6.63805700064735,3.14383975910959,-19.4361744794631,3.21954101982069,-19.4051105810542,0.01693729,0.020035497,0.003098206,174.4894428,5.84556800594556,53.01,0.57,30.3,5.954,3.102,0.254,1.229,2,0.150375939849622,1848.1,42,FALSE,12.809875497931,12.5443722768597,291.760569051297,22.7762220716682,160.691847066269,2.0035497,0.0857142857142845,FALSE
"South",32,0.247951577677308,5.368,3.34412353733397,-20.262,3.26214384015495,-20.01,0.009555311,0.023094027,0.013538716,217.592136533333,7.68324875587877,51.54,0.55,30.9,5.889,3.138,0.253,1.204,2,0.152671755725192,1835,42,FALSE,10.7366107122551,13.1563746063371,332.69419646382,30.986891988556,141.254872532839,2.3094027,0.0839694656488555,FALSE
"South",34,0.247663911695367,5.4169983371631,3.14806011060712,-19.462039424596,3.04326248949142,-19.3812603852118,0.018313781,0.021194814,0.002881033,225.717355733333,6.68903195107683,50.86,0.58,37.6,5.702,3.259,0.267,1.183,2,0.151515151515151,1821.8,42,FALSE,11.6851184301672,12.2878721758813,315.597577363823,27.0085048131862,143.58524162993,2.1194814,0.0878787878787876,FALSE
"South",36,0.247859326177089,5.24333333333333,3.13458884035215,-19.4966666666667,3.04009229881742,-19.32,0.009106661,0.020781954,0.011675293,238.559455733333,7.30006753271563,51.2,0.58,27,6.095,3.004,0.253,1.305,2,0.153846153846154,1808.8,42,FALSE,11.9266612839721,12.2653940269544,351.269545333207,29.4524625936404,146.28520007394,2.0781954,0.0892307692307692,FALSE
"South",38,0.253337614706741,4.86521692015551,3.35830418377039,-19.7333303976002,3.02005764295657,-19.5427289624276,0.017607605,0.017503848,-0.000103757,232.3852344,7.84149131576882,51.17,0.58,24.5,6.055,3.09,0.191,0.671,2,0.156250000000001,1796,42,FALSE,14.4732526645993,11.9210787014496,447.986712165737,30.9527320877557,172.536784080653,1.7503848,0.0906250000000003,FALSE
"South",40,0.274431503945291,4.8,3.40634731245766,-19.4266666666667,3.44106369204721,-19.59,0.008821592,0.018072422,0.00925083,248.619651466667,8.16817617607935,52.06,0.57,25.9,5.925,3.216,0.161,0.651,2,0.156250000000001,1783.2,42,FALSE,15.1850982643771,12.5388799849058,451.969092802246,29.7639886771444,190.404124696026,1.8072422,0.0890625000000003,FALSE
"South",42,0.296211675492322,3.80025660156472,4.49448187387441,-20.8888436534539,4.66519995409416,-20.904045651659,0.014944309,0.016627052,0.001682743,200.901512,6.34407649294248,51.6,0.62,38.6,5.505,3.457,0.208,1.032,2,0.153846153846154,1770.2,42,FALSE,17.8150447531121,15.7495478405445,381.551491686108,21.4173748634258,280.57889962058,1.6627052,0.0953846153846154,FALSE
"South",44,0.33314744538552,3.28333333333333,7.11531465343777,-21.1666666666667,4.90793098448601,-21.32,0.007261959,0.016425207,0.009163248,159.34561792,5.32060682001337,53.07,0.54,49.1,5.308,3.518,0.276,0.984,2,0.155038759689921,1757.3,42,TRUE,20.2826938732352,14.7320084619185,323.929361743409,15.9707267569059,298.804817771003,1.6425207,0.0837209302325576,FALSE
"South",46,0.341663430266208,3.09297454456266,5.87954661693086,-21.3657010948008,6.03261099289989,-21.1286424594535,0.012402511,0.01618194,0.003779429,143.091734933333,4.75569533431332,53.71,0.59,73.8,3.866,2.676,0.175,1.032,2,0.155038759689924,1744.4,42,TRUE,21.1138732603265,17.656589668375,293.889072281403,13.9192401440444,372.79899646766,1.618194,0.0914728682170552,FALSE
"South",48,0.406899658933168,2.44,10.0714871886063,-21.61,7.31842032587683,-21.43,0.006382834,0.015929551,0.009546717,131.4394192,3.58969567819884,59.91,0.45,137.6,3.266,2.805,0.34,1.034,2,0.153846153846154,1731.4,42,TRUE,25.543699187326,17.9858109123627,225.348202105561,8.82206607793798,459.424143585518,1.5929551,0.0692307692307692,FALSE
"South",50,0.707060316853847,1.52348945795978,13.6613107606089,-21.4204560724043,16.8083451773624,-21.8401871408203,0.002870588,0.012691442,0.009820855,90.6949656,2.613114712803,74.94,0.29,165.8,3.002,2.703,0.367,1.174,2,0.152671755725189,1718.3,42,TRUE,55.7115824075662,23.7721517906042,205.895808593145,3.69574511610323,1324.38419348742,1.2691442,0.0442748091603049,TRUE
"South",50,0.707060316853847,1.52348945795978,13.6613107606089,-21.4204560724043,16.8083451773624,-21.8401871408203,0.002870588,0.012691442,0.009820855,90.6949656,2.613114712803,74.94,0.29,165.8,3.002,2.703,0.367,1.174,2,0.152671755725189,1718.3,42,TRUE,55.7115824075662,23.7721517906042,205.895808593145,3.69574511610323,1324.38419348742,1.2691442,0.0442748091603049,TRUE
"South",52,0.964452241081099,1.084,26.0001956240532,-22.096,20.497803806735,-21.66,-7.93281e-05,0.009070367,0.009149696,60.5430165333333,1.93665241551328,82.52,0.18,252,2.225,1.834,0.224,1.011,2,0.15873015873016,1705.7,42,TRUE,106.33001300621,21.2533113964856,213.514228863427,2.00803350650354,2259.86487721335,0.9070367,0.0285714285714288,TRUE
"South",54,1.47778317236167,0.509438270618281,29.0407313491744,-19.333825518241,29.9276779612347,-22.8211103537826,-0.000135334,0.006761815,0.006897149,12.0582562666667,0.318406718213718,83.73,0.16,239,2.176,1.632,0.148,1.038,2,0.162601626016261,1693.4,42,TRUE,218.548299881271,20.2517382258499,47.0889425714424,0.215462406237084,4425.98295890004,0.6761815,0.0260162601626017,TRUE
"South",56,1.66977965514918,0.614496706273865,32.4527106184045,-19.9119428613087,33.267905972323,-23.4161669722454,-0.000567994,0.005973545,0.00654154,22.7262613333333,0.757603138363971,85.12,NA,225.2,2.256,1.651,0.15,1.054,NA,NA,NA,42,TRUE,279.529099579761,19.9235305507125,126.826388411566,0.453714438325866,5569.20655529053,0.5973545,NA,TRUE
